1781309809,2026-06-13 08:16:49,3.722GiB / 23.47GiB|0.24%,200,1312 MiB,1.884
1781309869,2026-06-13 08:17:49,3.754GiB / 23.47GiB|0.33%,200,1312 MiB,4.482
1781309932,2026-06-13 08:18:52,4.421GiB / 23.47GiB|97.09%,200,1312 MiB,4.132
1781309993,2026-06-13 08:19:53,3.757GiB / 23.47GiB|0.47%,200,1312 MiB,.902
1781310053,2026-06-13 08:20:53,3.756GiB / 23.47GiB|0.22%,200,1314 MiB,1.474
1781310113,2026-06-13 08:21:53,3.756GiB / 23.47GiB|0.43%,200,1461 MiB,.976
1781310173,2026-06-13 08:22:53,3.756GiB / 23.47GiB|0.37%,200,1274 MiB,2.916
1781310235,2026-06-13 08:23:55,3.756GiB / 23.47GiB|0.49%,200,1350 MiB,2.715
1781310296,2026-06-13 08:24:56,3.756GiB / 23.47GiB|0.30%,200,1288 MiB,1.105
1781310356,2026-06-13 08:25:56,3.756GiB / 23.47GiB|0.42%,200,1212 MiB,1.059
1781310416,2026-06-13 08:26:56,3.756GiB / 23.47GiB|0.47%,200,1232 MiB,.956
1781310477,2026-06-13 08:27:57,3.756GiB / 23.47GiB|0.23%,200,1231 MiB,1.836
1781310538,2026-06-13 08:28:58,3.756GiB / 23.47GiB|0.35%,200,1253 MiB,3.652
1781310600,2026-06-13 08:30:00,3.756GiB / 23.47GiB|0.32%,200,1259 MiB,2.334
1781310662,2026-06-13 08:31:02,3.756GiB / 23.47GiB|0.23%,200,1257 MiB,1.116
1781310722,2026-06-13 08:32:02,3.751GiB / 23.47GiB|0.31%,200,1258 MiB,1.025
1781310783,2026-06-13 08:33:03,3.75GiB / 23.47GiB|0.29%,200,1284 MiB,-.019
1781310844,2026-06-13 08:34:04,3.748GiB / 23.47GiB|0.30%,200,1286 MiB,1.461
1781310904,2026-06-13 08:35:05,3.746GiB / 23.47GiB|0.36%,200,1286 MiB,1.046
1781310964,2026-06-13 08:36:04,3.746GiB / 23.47GiB|0.35%,200,1286 MiB,1.109
1781311024,2026-06-13 08:37:04,3.747GiB / 23.47GiB|0.23%,200,1286 MiB,2.089
1781311087,2026-06-13 08:38:07,3.748GiB / 23.47GiB|0.39%,200,1286 MiB,.978
1781311146,2026-06-13 08:39:06,3.747GiB / 23.47GiB|0.30%,200,1286 MiB,3.064
1781311208,2026-06-13 08:40:08,3.747GiB / 23.47GiB|0.42%,200,1274 MiB,2.121
1781311270,2026-06-13 08:41:10,3.747GiB / 23.47GiB|0.38%,200,1274 MiB,1.261
1781311330,2026-06-13 08:42:10,3.754GiB / 23.47GiB|0.35%,200,1308 MiB,4.031
1781311392,2026-06-13 08:43:12,3.754GiB / 23.47GiB|0.29%,200,1304 MiB,1.184
1781311453,2026-06-13 08:44:13,3.754GiB / 23.47GiB|0.20%,200,1305 MiB,1.613
1781311513,2026-06-13 08:45:13,3.754GiB / 23.47GiB|0.27%,200,1306 MiB,1.747
1781311577,2026-06-13 08:46:17,3.754GiB / 23.47GiB|0.45%,200,1290 MiB,.992
1781311639,2026-06-13 08:47:19,3.754GiB / 23.47GiB|0.21%,200,1290 MiB,1.951
1781311700,2026-06-13 08:48:20,3.754GiB / 23.47GiB|0.42%,200,1290 MiB,1.144
1781311761,2026-06-13 08:49:21,3.754GiB / 23.47GiB|0.22%,200,1290 MiB,-.612
1781311822,2026-06-13 08:50:22,3.754GiB / 23.47GiB|0.28%,200,1298 MiB,.965
1781311882,2026-06-13 08:51:22,3.754GiB / 23.47GiB|0.37%,200,1298 MiB,2.970
1781311944,2026-06-13 08:52:24,3.754GiB / 23.47GiB|0.33%,200,1327 MiB,2.931
1781312008,2026-06-13 08:53:28,3.754GiB / 23.47GiB|0.29%,200,1327 MiB,1.573
1781312070,2026-06-13 08:54:30,3.753GiB / 23.47GiB|0.31%,200,1300 MiB,1.500
1781312130,2026-06-13 08:55:30,3.753GiB / 23.47GiB|0.23%,200,1300 MiB,2.860
1781312193,2026-06-13 08:56:33,3.752GiB / 23.47GiB|0.22%,200,1300 MiB,1.463
1781312253,2026-06-13 08:57:33,3.755GiB / 23.47GiB|0.42%,200,1300 MiB,1.219
1781312314,2026-06-13 08:58:34,3.755GiB / 23.47GiB|0.35%,200,1300 MiB,.900
1781312374,2026-06-13 08:59:34,3.755GiB / 23.47GiB|0.28%,200,1300 MiB,2.577
1781312436,2026-06-13 09:00:36,3.172GiB / 23.47GiB|93.00%,000,1300 MiB,.004
1781312494,2026-06-13 09:01:34,3.325GiB / 23.47GiB|93.39%,000,1300 MiB,.005
1781312553,2026-06-13 09:02:33,3.804GiB / 23.47GiB|101.25%,000,1280 MiB,.004
1781312611,2026-06-13 09:03:31,3.132GiB / 23.47GiB|154.83%,000,1280 MiB,.004
1781312669,2026-06-13 09:04:29,3.808GiB / 23.47GiB|0.41%,200,1266 MiB,13.983
1781312741,2026-06-13 09:05:41,3.519GiB / 23.47GiB|0.35%,200,1277 MiB,1.025
1781312801,2026-06-13 09:06:41,3.516GiB / 23.47GiB|0.56%,200,1286 MiB,2.591
1781312863,2026-06-13 09:07:43,3.495GiB / 23.47GiB|0.35%,200,1294 MiB,-.269
1781312923,2026-06-13 09:08:43,3.493GiB / 23.47GiB|0.52%,200,1072 MiB,.981
1781312982,2026-06-13 09:09:42,3.493GiB / 23.47GiB|0.57%,200,1074 MiB,32.792
1781313073,2026-06-13 09:11:13,3.493GiB / 23.47GiB|0.31%,200,1085 MiB,.951
1781313132,2026-06-13 09:12:12,3.493GiB / 23.47GiB|0.34%,200,1095 MiB,1.715
1781313193,2026-06-13 09:13:13,3.493GiB / 23.47GiB|0.34%,200,1088 MiB,2.513
1781313253,2026-06-13 09:14:13,3.492GiB / 23.47GiB|0.37%,200,1247 MiB,3.419
1781313315,2026-06-13 09:15:15,3.488GiB / 23.47GiB|0.31%,200,1191 MiB,3.467
1781313379,2026-06-13 09:16:19,3.488GiB / 23.47GiB|0.41%,200,1366 MiB,2.333
1781313439,2026-06-13 09:17:19,3.488GiB / 23.47GiB|0.39%,200,1473 MiB,1.080
1781313499,2026-06-13 09:18:19,3.488GiB / 23.47GiB|0.29%,200,1444 MiB,2.506
1781313559,2026-06-13 09:19:19,3.488GiB / 23.47GiB|0.39%,200,1505 MiB,1.044
1781313619,2026-06-13 09:20:19,3.488GiB / 23.47GiB|0.38%,200,1553 MiB,.962
1781313678,2026-06-13 09:21:18,3.488GiB / 23.47GiB|0.38%,200,1599 MiB,1.132
1781313739,2026-06-13 09:22:19,3.488GiB / 23.47GiB|0.33%,200,1584 MiB,3.865
1781313801,2026-06-13 09:23:21,3.488GiB / 23.47GiB|0.29%,200,1373 MiB,1.638
1781313861,2026-06-13 09:24:21,3.488GiB / 23.47GiB|0.41%,200,1373 MiB,1.029
1781313920,2026-06-13 09:25:20,3.488GiB / 23.47GiB|0.28%,200,1373 MiB,1.000
1781313979,2026-06-13 09:26:19,3.488GiB / 23.47GiB|0.33%,200,1599 MiB,1.088
1781314039,2026-06-13 09:27:19,3.488GiB / 23.47GiB|0.48%,200,1600 MiB,2.027
1781314101,2026-06-13 09:28:21,3.488GiB / 23.47GiB|0.37%,200,1601 MiB,1.032
1781314161,2026-06-13 09:29:21,3.488GiB / 23.47GiB|0.29%,200,1601 MiB,1.032
1781314221,2026-06-13 09:30:21,3.488GiB / 23.47GiB|0.59%,200,1493 MiB,2.440
1781314281,2026-06-13 09:31:21,3.488GiB / 23.47GiB|0.44%,200,1466 MiB,1.047
1781314340,2026-06-13 09:32:20,3.488GiB / 23.47GiB|0.22%,200,1486 MiB,2.443
1781314401,2026-06-13 09:33:21,3.488GiB / 23.47GiB|0.23%,200,1474 MiB,1.034
1781314461,2026-06-13 09:34:21,3.488GiB / 23.47GiB|0.47%,200,1475 MiB,2.153
1781314521,2026-06-13 09:35:21,3.488GiB / 23.47GiB|0.22%,200,1474 MiB,1.401
1781314581,2026-06-13 09:36:21,3.488GiB / 23.47GiB|0.27%,200,1474 MiB,1.900
1781314641,2026-06-13 09:37:21,3.488GiB / 23.47GiB|0.35%,200,1474 MiB,1.636
1781314702,2026-06-13 09:38:22,3.488GiB / 23.47GiB|0.20%,200,1474 MiB,1.089
1781314762,2026-06-13 09:39:22,3.488GiB / 23.47GiB|0.32%,200,1494 MiB,-.363
1781314822,2026-06-13 09:40:22,3.488GiB / 23.47GiB|0.33%,200,1473 MiB,1.030
1781314882,2026-06-13 09:41:22,3.488GiB / 23.47GiB|0.22%,200,1473 MiB,1.206
1781314946,2026-06-13 09:42:26,3.488GiB / 23.47GiB|0.21%,200,1473 MiB,2.147
1781315009,2026-06-13 09:43:29,3.488GiB / 23.47GiB|0.28%,200,1473 MiB,1.003
1781315072,2026-06-13 09:44:32,3.488GiB / 23.47GiB|0.32%,200,1473 MiB,.980
1781315134,2026-06-13 09:45:34,3.488GiB / 23.47GiB|0.42%,200,1473 MiB,.936
1781315196,2026-06-13 09:46:36,3.488GiB / 23.47GiB|0.33%,200,1524 MiB,1.097
1781315255,2026-06-13 09:47:35,3.488GiB / 23.47GiB|0.22%,200,1524 MiB,1.125
1781315316,2026-06-13 09:48:36,3.488GiB / 23.47GiB|0.23%,200,1531 MiB,1.242
1781315375,2026-06-13 09:49:35,3.488GiB / 23.47GiB|0.30%,200,1494 MiB,1.200
1781315435,2026-06-13 09:50:35,3.484GiB / 23.47GiB|0.36%,200,1295 MiB,1.199
1781315494,2026-06-13 09:51:34,3.482GiB / 23.47GiB|0.24%,200,1319 MiB,2.331
1781315555,2026-06-13 09:52:35,3.479GiB / 23.47GiB|0.22%,200,1321 MiB,2.994
1781315618,2026-06-13 09:53:38,3.478GiB / 23.47GiB|0.53%,200,1321 MiB,1.117
1781315677,2026-06-13 09:54:37,3.478GiB / 23.47GiB|0.62%,200,1322 MiB,.965
1781315736,2026-06-13 09:55:36,3.478GiB / 23.47GiB|0.38%,200,1313 MiB,2.256
1781315798,2026-06-13 09:56:38,3.483GiB / 23.47GiB|0.38%,200,1339 MiB,1.036
1781315857,2026-06-13 09:57:37,3.483GiB / 23.47GiB|0.39%,200,1199 MiB,3.388
1781315918,2026-06-13 09:58:38,3.483GiB / 23.47GiB|0.53%,200,1199 MiB,1.455
1781315977,2026-06-13 09:59:37,3.483GiB / 23.47GiB|0.63%,200,1204 MiB,3.109
1781316038,2026-06-13 10:00:38,3.483GiB / 23.47GiB|0.32%,200,1226 MiB,1.218
1781316099,2026-06-13 10:01:39,3.483GiB / 23.47GiB|0.50%,200,1226 MiB,2.324
1781316160,2026-06-13 10:02:40,3.483GiB / 23.47GiB|0.23%,200,1226 MiB,1.647
1781316220,2026-06-13 10:03:40,3.483GiB / 23.47GiB|0.35%,200,1226 MiB,1.100
1781316282,2026-06-13 10:04:42,3.483GiB / 23.47GiB|0.56%,200,1226 MiB,1.032
1781316342,2026-06-13 10:05:42,3.483GiB / 23.47GiB|0.20%,200,1226 MiB,1.088
1781316402,2026-06-13 10:06:42,3.483GiB / 23.47GiB|0.27%,200,1226 MiB,2.539
1781316463,2026-06-13 10:07:43,3.483GiB / 23.47GiB|0.45%,200,1226 MiB,1.160
1781316523,2026-06-13 10:08:43,3.483GiB / 23.47GiB|0.33%,200,1470 MiB,4.579
1781316587,2026-06-13 10:09:47,3.483GiB / 23.47GiB|0.49%,200,1226 MiB,2.446
1781316648,2026-06-13 10:10:48,3.483GiB / 23.47GiB|0.49%,200,1226 MiB,.931
1781316708,2026-06-13 10:11:48,3.483GiB / 23.47GiB|0.40%,200,1227 MiB,1.068
1781316768,2026-06-13 10:12:48,3.483GiB / 23.47GiB|0.41%,200,1228 MiB,1.211
1781316828,2026-06-13 10:13:48,3.483GiB / 23.47GiB|0.56%,200,1228 MiB,2.886
1781316889,2026-06-13 10:14:49,3.483GiB / 23.47GiB|0.29%,200,1229 MiB,.986
1781316949,2026-06-13 10:15:49,3.483GiB / 23.47GiB|0.51%,200,1229 MiB,1.073
1781317009,2026-06-13 10:16:49,3.483GiB / 23.47GiB|0.35%,200,1229 MiB,1.005
1781317068,2026-06-13 10:17:48,3.483GiB / 23.47GiB|0.33%,200,1262 MiB,1.004
1781317128,2026-06-13 10:18:48,3.483GiB / 23.47GiB|0.43%,200,1237 MiB,.992
1781317187,2026-06-13 10:19:47,3.483GiB / 23.47GiB|0.41%,200,1242 MiB,1.074
1781317247,2026-06-13 10:20:47,3.483GiB / 23.47GiB|0.40%,200,1242 MiB,1.010
1781317306,2026-06-13 10:21:46,3.483GiB / 23.47GiB|0.50%,200,1242 MiB,2.555
1781317368,2026-06-13 10:22:48,3.483GiB / 23.47GiB|0.36%,200,1242 MiB,1.646
1781317428,2026-06-13 10:23:48,3.483GiB / 23.47GiB|0.39%,200,1242 MiB,.978
1781317487,2026-06-13 10:24:47,3.483GiB / 23.47GiB|0.28%,200,1286 MiB,1.023
1781317547,2026-06-13 10:25:47,3.484GiB / 23.47GiB|0.24%,200,1313 MiB,1.643
1781317607,2026-06-13 10:26:47,3.484GiB / 23.47GiB|0.28%,200,1409 MiB,3.764
1781317669,2026-06-13 10:27:49,3.484GiB / 23.47GiB|0.44%,200,1392 MiB,3.148
1781317731,2026-06-13 10:28:51,3.484GiB / 23.47GiB|0.38%,200,1628 MiB,1.611
1781317791,2026-06-13 10:29:51,3.484GiB / 23.47GiB|0.45%,200,1539 MiB,1.186
1781317850,2026-06-13 10:30:50,3.486GiB / 23.47GiB|0.42%,200,1543 MiB,2.592
1781317911,2026-06-13 10:31:51,4.26GiB / 23.47GiB|81.59%,200,1543 MiB,4.581
1781317976,2026-06-13 10:32:56,3.665GiB / 23.47GiB|0.56%,200,1544 MiB,1.236
1781318037,2026-06-13 10:33:57,3.665GiB / 23.47GiB|0.56%,200,1544 MiB,2.264
1781318098,2026-06-13 10:34:58,3.665GiB / 23.47GiB|0.34%,200,1543 MiB,2.163
1781318161,2026-06-13 10:36:01,3.665GiB / 23.47GiB|0.31%,200,1543 MiB,.926
1781318223,2026-06-13 10:37:03,3.665GiB / 23.47GiB|0.47%,200,1543 MiB,.844
1781318283,2026-06-13 10:38:03,3.665GiB / 23.47GiB|0.25%,200,1543 MiB,.927
1781318343,2026-06-13 10:39:03,3.665GiB / 23.47GiB|0.64%,200,1541 MiB,1.021
1781318403,2026-06-13 10:40:03,3.665GiB / 23.47GiB|0.53%,200,1541 MiB,1.057
1781318464,2026-06-13 10:41:04,3.665GiB / 23.47GiB|0.44%,200,1541 MiB,.938
1781318525,2026-06-13 10:42:05,3.665GiB / 23.47GiB|0.52%,200,1541 MiB,-.146
1781318585,2026-06-13 10:43:05,3.665GiB / 23.47GiB|0.32%,200,1541 MiB,2.087
1781318647,2026-06-13 10:44:07,3.665GiB / 23.47GiB|0.63%,200,1541 MiB,1.008
1781318707,2026-06-13 10:45:07,3.665GiB / 23.47GiB|0.38%,200,1541 MiB,2.542
1781318768,2026-06-13 10:46:08,3.665GiB / 23.47GiB|0.42%,200,1541 MiB,1.586
1781318828,2026-06-13 10:47:08,3.665GiB / 23.47GiB|0.29%,200,1602 MiB,2.844
1781318890,2026-06-13 10:48:10,3.665GiB / 23.47GiB|0.37%,200,1602 MiB,1.165
1781318950,2026-06-13 10:49:10,3.662GiB / 23.47GiB|0.39%,200,1604 MiB,1.555
1781319012,2026-06-13 10:50:12,3.652GiB / 23.47GiB|0.21%,200,1604 MiB,84.174
1781319156,2026-06-13 10:52:36,1.804GiB / 23.47GiB|0.65%,200,1604 MiB,87.690
1781319303,2026-06-13 10:55:03,1.583GiB / 23.47GiB|0.41%,200,1604 MiB,595.567
1781319959,2026-06-13 11:05:59,1.577GiB / 23.47GiB|0.50%,200,1598 MiB,1.879
1781320020,2026-06-13 11:07:00,1.578GiB / 23.47GiB|0.28%,200,1328 MiB,2.537
1781320083,2026-06-13 11:08:03,1.578GiB / 23.47GiB|0.38%,200,1325 MiB,1.033
1781320143,2026-06-13 11:09:03,1.578GiB / 23.47GiB|0.38%,200,1377 MiB,1.051
1781320205,2026-06-13 11:10:05,1.583GiB / 23.47GiB|0.32%,200,1353 MiB,1.082
1781320267,2026-06-13 11:11:07,1.583GiB / 23.47GiB|0.47%,200,1400 MiB,1.472
1781320330,2026-06-13 11:12:10,1.583GiB / 23.47GiB|0.40%,200,1406 MiB,1.132
1781320390,2026-06-13 11:13:10,1.583GiB / 23.47GiB|0.37%,200,1407 MiB,1.376
1781320450,2026-06-13 11:14:10,1.584GiB / 23.47GiB|0.54%,200,1407 MiB,1.056
1781320510,2026-06-13 11:15:10,1.584GiB / 23.47GiB|0.41%,200,1401 MiB,1.010
1781320570,2026-06-13 11:16:10,1.584GiB / 23.47GiB|0.36%,200,1414 MiB,3.281
1781320632,2026-06-13 11:17:12,1.584GiB / 23.47GiB|0.29%,200,1550 MiB,.969
1781320691,2026-06-13 11:18:11,1.584GiB / 23.47GiB|0.21%,200,1720 MiB,6.020
1781320756,2026-06-13 11:19:16,1.582GiB / 23.47GiB|0.33%,200,1824 MiB,1.166
1781320816,2026-06-13 11:20:16,1.583GiB / 23.47GiB|0.48%,200,1688 MiB,5.642
1781320881,2026-06-13 11:21:21,1.583GiB / 23.47GiB|0.25%,200,1725 MiB,2.146
1781320942,2026-06-13 11:22:22,1.583GiB / 23.47GiB|0.36%,200,1579 MiB,1.166
1781321002,2026-06-13 11:23:22,1.583GiB / 23.47GiB|0.21%,200,1572 MiB,1.042
1781321062,2026-06-13 11:24:22,1.583GiB / 23.47GiB|0.50%,200,1588 MiB,1.031
1781321121,2026-06-13 11:25:21,1.584GiB / 23.47GiB|0.36%,200,1592 MiB,1.006
1781321181,2026-06-13 11:26:21,1.584GiB / 23.47GiB|0.21%,200,1589 MiB,1.702
1781321243,2026-06-13 11:27:23,1.584GiB / 23.47GiB|0.64%,200,1604 MiB,1.653
1781321303,2026-06-13 11:28:23,1.584GiB / 23.47GiB|0.33%,200,1596 MiB,3.732
1781321366,2026-06-13 11:29:26,1.584GiB / 23.47GiB|0.37%,200,1597 MiB,1.150
1781321426,2026-06-13 11:30:26,1.584GiB / 23.47GiB|0.36%,200,1593 MiB,-.704
1781321486,2026-06-13 11:31:26,1.584GiB / 23.47GiB|0.46%,200,1593 MiB,2.449
1781321547,2026-06-13 11:32:27,1.584GiB / 23.47GiB|0.38%,200,1593 MiB,.972
1781321607,2026-06-13 11:33:27,1.585GiB / 23.47GiB|0.64%,200,1593 MiB,1.955
1781321667,2026-06-13 11:34:27,1.585GiB / 23.47GiB|0.21%,200,1593 MiB,.962
1781321727,2026-06-13 11:35:27,1.585GiB / 23.47GiB|0.44%,200,1593 MiB,.978
1781321787,2026-06-13 11:36:27,1.585GiB / 23.47GiB|0.56%,200,1587 MiB,.950
1781321847,2026-06-13 11:37:27,1.585GiB / 23.47GiB|0.60%,200,1569 MiB,1.024
1781321907,2026-06-13 11:38:27,1.585GiB / 23.47GiB|0.78%,200,1569 MiB,.931
1781321966,2026-06-13 11:39:26,1.585GiB / 23.47GiB|0.20%,200,1556 MiB,1.531
1781322026,2026-06-13 11:40:26,1.585GiB / 23.47GiB|0.42%,200,1556 MiB,1.031
1781322086,2026-06-13 11:41:26,1.585GiB / 23.47GiB|0.79%,200,1556 MiB,1.040
1781322146,2026-06-13 11:42:26,1.585GiB / 23.47GiB|0.22%,200,1556 MiB,.775
1781322207,2026-06-13 11:43:27,1.585GiB / 23.47GiB|0.52%,200,1556 MiB,.975
1781322267,2026-06-13 11:44:27,1.585GiB / 23.47GiB|0.57%,200,1556 MiB,.894
1781322326,2026-06-13 11:45:26,1.586GiB / 23.47GiB|0.79%,200,1556 MiB,3.198
1781322389,2026-06-13 11:46:29,1.586GiB / 23.47GiB|0.28%,200,1556 MiB,.944
1781322448,2026-06-13 11:47:28,1.586GiB / 23.47GiB|0.38%,200,1556 MiB,1.958
1781322510,2026-06-13 11:48:30,1.586GiB / 23.47GiB|0.25%,200,1556 MiB,3.620
1781322573,2026-06-13 11:49:33,1.586GiB / 23.47GiB|0.40%,200,1510 MiB,.916
1781322632,2026-06-13 11:50:32,1.586GiB / 23.47GiB|0.40%,200,1517 MiB,2.328
1781322694,2026-06-13 11:51:34,1.586GiB / 23.47GiB|0.61%,200,1517 MiB,1.663
1781329091,2026-06-13 13:38:11,1.586GiB / 23.47GiB|0.24%,200,536 MiB,1.108
1781329152,2026-06-13 13:39:12,1.586GiB / 23.47GiB|0.21%,200,668 MiB,2.621
1781329214,2026-06-13 13:40:14,1.586GiB / 23.47GiB|0.35%,200,863 MiB,1.341
1781329275,2026-06-13 13:41:15,1.587GiB / 23.47GiB|0.26%,200,863 MiB,1.252
1781329335,2026-06-13 13:42:15,1.587GiB / 23.47GiB|0.59%,200,863 MiB,.992
1781329396,2026-06-13 13:43:16,1.587GiB / 23.47GiB|0.25%,200,863 MiB,2.184
1781329457,2026-06-13 13:44:17,1.587GiB / 23.47GiB|0.27%,200,863 MiB,3.239
1781329519,2026-06-13 13:45:19,1.587GiB / 23.47GiB|0.51%,200,863 MiB,.922
1781329580,2026-06-13 13:46:20,1.587GiB / 23.47GiB|0.41%,200,863 MiB,1.041
1781329639,2026-06-13 13:47:19,1.587GiB / 23.47GiB|0.43%,200,863 MiB,1.072
1781329699,2026-06-13 13:48:19,1.588GiB / 23.47GiB|0.66%,200,863 MiB,.932
1781329759,2026-06-13 13:49:19,1.588GiB / 23.47GiB|0.39%,200,863 MiB,.944
1781329820,2026-06-13 13:50:20,1.588GiB / 23.47GiB|0.56%,200,863 MiB,1.656
1781329880,2026-06-13 13:51:20,1.588GiB / 23.47GiB|0.79%,200,870 MiB,2.350
1781329941,2026-06-13 13:52:21,1.589GiB / 23.47GiB|0.36%,200,870 MiB,.992
1781330001,2026-06-13 13:53:21,1.589GiB / 23.47GiB|0.53%,200,870 MiB,.992
1781330060,2026-06-13 13:54:20,1.59GiB / 23.47GiB|0.58%,200,870 MiB,.919
1781330120,2026-06-13 13:55:20,1.59GiB / 23.47GiB|0.21%,200,870 MiB,1.004
1781330179,2026-06-13 13:56:19,1.591GiB / 23.47GiB|0.43%,200,870 MiB,.899
1781330238,2026-06-13 13:57:18,1.592GiB / 23.47GiB|0.63%,200,870 MiB,.969
1781332121,2026-06-13 14:28:41,1.592GiB / 23.47GiB|0.31%,200,278 MiB,1.012
1781332179,2026-06-13 14:29:39,1.592GiB / 23.47GiB|0.84%,200,546 MiB,.966
1781332238,2026-06-13 14:30:38,1.592GiB / 23.47GiB|0.44%,200,546 MiB,.969
1781332296,2026-06-13 14:31:36,1.592GiB / 23.47GiB|0.60%,200,546 MiB,.986
1781332354,2026-06-13 14:32:34,1.592GiB / 23.47GiB|0.22%,200,546 MiB,2.193
1781332414,2026-06-13 14:33:34,1.593GiB / 23.47GiB|0.39%,200,546 MiB,1.003
1781332474,2026-06-13 14:34:34,1.593GiB / 23.47GiB|0.43%,200,546 MiB,1.305
1781332534,2026-06-13 14:35:34,1.593GiB / 23.47GiB|0.41%,200,546 MiB,.986
1781332592,2026-06-13 14:36:32,1.594GiB / 23.47GiB|0.55%,200,553 MiB,1.014
1781332650,2026-06-13 14:37:30,1.594GiB / 23.47GiB|0.64%,200,553 MiB,1.232
1781332710,2026-06-13 14:38:30,1.595GiB / 23.47GiB|0.71%,200,553 MiB,.940
1781332768,2026-06-13 14:39:28,1.596GiB / 23.47GiB|0.22%,200,553 MiB,1.575
1781332829,2026-06-13 14:40:29,1.597GiB / 23.47GiB|0.24%,200,553 MiB,.931
1781332887,2026-06-13 14:41:27,1.597GiB / 23.47GiB|0.61%,200,553 MiB,.980
1781332946,2026-06-13 14:42:26,1.597GiB / 23.47GiB|0.56%,200,553 MiB,1.003
1781333005,2026-06-13 14:43:25,1.597GiB / 23.47GiB|0.27%,200,587 MiB,2.382
1781333065,2026-06-13 14:44:25,1.597GiB / 23.47GiB|0.47%,200,587 MiB,1.101
1781333123,2026-06-13 14:45:23,1.598GiB / 23.47GiB|0.39%,200,587 MiB,1.016
1781333181,2026-06-13 14:46:21,1.598GiB / 23.47GiB|0.22%,200,587 MiB,1.060
1781333240,2026-06-13 14:47:20,1.598GiB / 23.47GiB|0.40%,200,587 MiB,1.036
1781343872,2026-06-13 17:44:32,1.598GiB / 23.47GiB|0.22%,200,243 MiB,2.350
1781343933,2026-06-13 17:45:33,1.599GiB / 23.47GiB|0.51%,200,0 MiB,1.054
1781343993,2026-06-13 17:46:33,1.599GiB / 23.47GiB|0.37%,200,0 MiB,1.778
1781344054,2026-06-13 17:47:34,1.599GiB / 23.47GiB|0.39%,200,256 MiB,1.212
1781344114,2026-06-13 17:48:34,1.599GiB / 23.47GiB|0.93%,200,0 MiB,2.580
1781344175,2026-06-13 17:49:35,1.599GiB / 23.47GiB|0.40%,200,15 MiB,2.169
1781344236,2026-06-13 17:50:36,1.599GiB / 23.47GiB|0.61%,200,0 MiB,1.575
1781344297,2026-06-13 17:51:37,1.599GiB / 23.47GiB|0.41%,200,0 MiB,1.052
1781344357,2026-06-13 17:52:37,1.599GiB / 23.47GiB|0.41%,200,0 MiB,3.541
1781344422,2026-06-13 17:53:42,1.599GiB / 23.47GiB|0.52%,200,0 MiB,1.704
1781344483,2026-06-13 17:54:43,1.599GiB / 23.47GiB|0.34%,200,15 MiB,1.028
1781344542,2026-06-13 17:55:42,1.599GiB / 23.47GiB|0.40%,200,0 MiB,.925
1781344602,2026-06-13 17:56:42,1.599GiB / 23.47GiB|0.44%,200,15 MiB,1.116
1781344662,2026-06-13 17:57:42,1.599GiB / 23.47GiB|0.56%,200,15 MiB,1.239
1781344724,2026-06-13 17:58:44,1.599GiB / 23.47GiB|0.21%,200,15 MiB,1.042
